{"_runtime": 70.74110627174377, "run_dir": "C:\\Users\\mahjo\\e2e-ml-app-tensorflow\\wandb\\run-20200717_151022-2a97z8ym", "_step": 1, "_timestamp": 1595016692.794925, "graph": {"_type": "graph-file", "path": "media/graph/graph_summary_aae10628.graph.json", "sha256": "aae10628a76eb59ed4181133ec7904ae24591120318aa3ee7a5c7e3f39cee12d", "size": 2112}, "accuracy": 0.7644880414009094, "lr": 9.999999747378752e-05, "val_accuracy": 0.8268700242042542, "epoch": 0, "loss": 0.5036983489990234, "val_loss": 0.3876209855079651, "best_val_loss": 0.3876209855079651, "best_epoch": 0}
