{"_step": 0, "_runtime": 12.843999862670898, "run_dir": "C:\\Users\\mahjo\\e2e-ml-app-tensorflow\\wandb\\run-20200717_142722-rngpoyj1", "_timestamp": 1595014055.3879209}
