{"run_dir": "C:\\Users\\mahjo\\e2e-ml-app-tensorflow\\wandb\\run-20200717_152517-x1piw4rj", "_runtime": 108.37496423721313, "_step": 2, "_timestamp": 1595017625.1273746, "graph": {"_type": "graph-file", "path": "media/graph/graph_summary_aae10628.graph.json", "sha256": "aae10628a76eb59ed4181133ec7904ae24591120318aa3ee7a5c7e3f39cee12d", "size": 2112}, "accuracy": 0.842483639717102, "lr": 9.999999747378752e-05, "val_loss": 0.342571496963501, "val_accuracy": 0.8421931862831116, "epoch": 1, "loss": 0.4169321358203888, "best_val_loss": 0.342571496963501, "best_epoch": 1}
