{"run_dir": "C:\\Users\\mahjo\\e2e-ml-app-tensorflow\\wandb\\run-20200717_143303-i2ozm0g0", "_step": 0, "_runtime": 12.882999181747437, "_timestamp": 1595014396.2998455}
