{"_step": 0, "_timestamp": 1594995969.4869854, "_runtime": 4.293968915939331, "run_dir": "/home/saams4u/e2e-ml-app-tensorflow/wandb/run-20200717_092606-37xrgr1b"}
