{"run_dir": "C:\\Users\\mahjo\\e2e-ml-app-tensorflow\\wandb\\run-20200717_144258-35nczjuh", "_timestamp": 1595015053.8024395, "_step": 1, "_runtime": 76.01477074623108, "graph": {"_type": "graph-file", "path": "media/graph/graph_summary_aae10628.graph.json", "sha256": "aae10628a76eb59ed4181133ec7904ae24591120318aa3ee7a5c7e3f39cee12d", "size": 2112}, "epoch": 0, "val_accuracy": 0.8262163996696472, "loss": 0.5028480887413025, "accuracy": 0.7646802663803101, "lr": 9.999999747378752e-05, "val_loss": 0.389228880405426, "best_val_loss": 0.389228880405426, "best_epoch": 0}
