{"_timestamp": 1595020178.4323015, "_step": 10, "run_dir": "C:\\Users\\mahjo\\e2e-ml-app-tensorflow\\wandb\\run-20200717_160234-2a55s0gu", "_runtime": 424.07965111732483, "graph": {"_type": "graph-file", "path": "media/graph/graph_summary_aae10628.graph.json", "sha256": "aae10628a76eb59ed4181133ec7904ae24591120318aa3ee7a5c7e3f39cee12d", "size": 2112}, "epoch": 9, "lr": 9.999999747378752e-05, "val_accuracy": 0.8635439276695251, "loss": 0.04091307148337364, "accuracy": 0.9247468709945679, "val_loss": 0.16142603754997253, "best_val_loss": 0.16142603754997253, "best_epoch": 9}
