{"_runtime": 12.806705236434937, "run_dir": "C:\\Users\\mahjo\\e2e-ml-app-tensorflow\\wandb\\run-20200717_132002-1z93sa7r", "_step": 0, "_timestamp": 1595010014.5342565}
