{"run_dir": "C:\\Users\\mahjo\\e2e-ml-app-tensorflow\\wandb\\run-20200717_150224-2t1doj02", "_timestamp": 1595016215.0093653, "_step": 1, "_runtime": 71.18677234649658, "graph": {"_type": "graph-file", "path": "media/graph/graph_summary_aae10628.graph.json", "sha256": "aae10628a76eb59ed4181133ec7904ae24591120318aa3ee7a5c7e3f39cee12d", "size": 2112}, "val_accuracy": 0.8259985446929932, "lr": 9.999999747378752e-05, "accuracy": 0.764552116394043, "loss": 0.5035628080368042, "epoch": 0, "val_loss": 0.3887704908847809, "best_val_loss": 0.3887704908847809, "best_epoch": 0}
