{
  "overall": {
    "precision": 0.8634035570484495,
    "recall": 0.8638888888888889,
    "f1": 0.8634956485340374,
    "num_samples": 18000.0
  },
  "class": {
    "Business": {
      "precision": 0.8334455667789001,
      "recall": 0.8251111111111111,
      "f1": 0.8292573981016192,
      "num_samples": 4500.0
    },
    "Sci/Tech": {
      "precision": 0.847909604519774,
      "recall": 0.8337777777777777,
      "f1": 0.8407843137254901,
      "num_samples": 4500.0
    },
    "Sports": {
      "precision": 0.8983627471826494,
      "recall": 0.9388888888888889,
      "f1": 0.9181788547212865,
      "num_samples": 4500.0
    },
    "World": {
      "precision": 0.8738963097124746,
      "recall": 0.8577777777777778,
      "f1": 0.8657620275877537,
      "num_samples": 4500.0
    }
  }
}