{"run_dir": "/Users/goku/Documents/madewithml/e2e-ml-app/e2e-ml-app-tensorflow/wandb/run-20200621_002932-2hyrttby", "_runtime": 505.739461183548, "_step": 11, "_timestamp": 1592699877.4976351, "graph": {"_type": "graph-file", "path": "media/graph/graph_summary_4bb096e3.graph.json", "sha256": "4bb096e3f8de39c210a6a6b94d71247a28d939dc97b5ead6a16c1c52ec15ad57", "size": 2112}, "accuracy": 0.9268857836723328, "lr": 9.999999747378752e-05, "epoch": 9, "val_accuracy": 0.8690849542617798, "loss": 0.27258560061454773, "val_loss": 0.04120706766843796, "best_val_loss": 0.04120706766843796, "best_epoch": 9, "test_accuracy": 0.8638888597488403, "test_loss": 0.14936751127243042}
