{
  "overall": {
    "precision": 0.8632699785343807,
    "recall": 0.8608210565849371,
    "f1": 0.8608197961134443,
    "num_samples": 16200.0
  },
  "class": {
    "Business": {
      "precision": 0.797025171624714,
      "recall": 0.858304583538689,
      "f1": 0.8265306122448979,
      "num_samples": 4058.0
    },
    "Sci/Tech": {
      "precision": 0.845669687814703,
      "recall": 0.829792490118577,
      "f1": 0.8376558603491271,
      "num_samples": 4048.0
    },
    "Sports": {
      "precision": 0.8902181562280085,
      "recall": 0.9381953028430161,
      "f1": 0.9135772749157439,
      "num_samples": 4045.0
    },
    "World": {
      "precision": 0.9201668984700974,
      "recall": 0.8169918498394665,
      "f1": 0.8655154369440085,
      "num_samples": 4049.0
    }
  }
}