{"run_dir": "C:\\Users\\mahjo\\e2e-ml-app-tensorflow\\wandb\\run-20200717_161011-15q7j7yj", "_runtime": 426.01231241226196, "_step": 11, "_timestamp": 1595020637.3416507, "graph": {"_type": "graph-file", "path": "media/graph/graph_summary_aae10628.graph.json", "sha256": "aae10628a76eb59ed4181133ec7904ae24591120318aa3ee7a5c7e3f39cee12d", "size": 2112}, "loss": 0.041204508394002914, "accuracy": 0.9247340559959412, "val_accuracy": 0.8635439276695251, "lr": 9.999999747378752e-05, "epoch": 9, "val_loss": 0.16489911079406738, "best_val_loss": 0.16489911079406738, "best_epoch": 9, "test_accuracy": 0.8608024716377258, "test_loss": 0.7585894465446472}
