{"_runtime": 13.499757289886475, "run_dir": "C:\\Users\\mahjo\\e2e-ml-app-tensorflow\\wandb\\run-20200717_134443-14z1qhr9", "_timestamp": 1595011496.0708683, "_step": 0}
