{"_runtime": 18.224966526031494, "run_dir": "C:\\Users\\mahjo\\e2e-ml-app-tensorflow\\wandb\\run-20200717_142251-2m22g81b", "_timestamp": 1595013789.1715438, "_step": 0}
