{"_step": 0, "_runtime": 12.904964208602905, "_timestamp": 1595014797.554997, "run_dir": "C:\\Users\\mahjo\\e2e-ml-app-tensorflow\\wandb\\run-20200717_143944-1997gayh"}
