{"_timestamp": 1595011829.1051824, "_runtime": 12.910561561584473, "run_dir": "C:\\Users\\mahjo\\e2e-ml-app-tensorflow\\wandb\\run-20200717_135016-1hgt75tg", "_step": 0}
