{"_timestamp": 1595011722.8253183, "_runtime": 12.10396671295166, "_step": 0, "run_dir": "C:\\Users\\mahjo\\e2e-ml-app-tensorflow\\wandb\\run-20200717_134831-178mt9pc"}
