{
  "overall": {
    "precision": 0.8638608964211673,
    "recall": 0.8614382953329244,
    "f1": 0.8614324857453346,
    "num_samples": 16200.0
  },
  "class": {
    "Business": {
      "precision": 0.7987623195049278,
      "recall": 0.8587974371611631,
      "f1": 0.8276926730792067,
      "num_samples": 4058.0
    },
    "Sci/Tech": {
      "precision": 0.8460185882943984,
      "recall": 0.8320158102766798,
      "f1": 0.8389587744426453,
      "num_samples": 4048.0
    },
    "Sports": {
      "precision": 0.8899835796387521,
      "recall": 0.9379480840543881,
      "f1": 0.9133365430909967,
      "num_samples": 4045.0
    },
    "World": {
      "precision": 0.9206790982465906,
      "recall": 0.8169918498394665,
      "f1": 0.8657419523684899,
      "num_samples": 4049.0
    }
  }
}