{"_runtime": 464.750195980072, "_step": 11, "run_dir": "C:\\Users\\mahjo\\e2e-ml-app-tensorflow\\wandb\\run-20200717_165034-kyyta4ln", "_timestamp": 1595023103.4940877, "graph": {"_type": "graph-file", "path": "media/graph/graph_summary_aae10628.graph.json", "sha256": "aae10628a76eb59ed4181133ec7904ae24591120318aa3ee7a5c7e3f39cee12d", "size": 2112}, "epoch": 9, "loss": 0.03972676396369934, "lr": 9.999999747378752e-05, "val_loss": 0.16923069953918457, "val_accuracy": 0.8636891841888428, "accuracy": 0.9248622059822083, "best_val_loss": 0.16923069953918457, "best_epoch": 9, "test_loss": 0.7824366092681885, "test_accuracy": 0.8614197373390198}
