{
  "overall": {
    "precision": 0.8627298092422091,
    "recall": 0.8603278990555536,
    "f1": 0.8603073622558557,
    "num_samples": 16200.0
  },
  "class": {
    "Business": {
      "precision": 0.7966101694915254,
      "recall": 0.8570724494825037,
      "f1": 0.8257359924026589,
      "num_samples": 4058.0
    },
    "Sci/Tech": {
      "precision": 0.8452620967741935,
      "recall": 0.8285573122529645,
      "f1": 0.8368263473053893,
      "num_samples": 4048.0
    },
    "Sports": {
      "precision": 0.8896697118763176,
      "recall": 0.9389369592088999,
      "f1": 0.9136396439740198,
      "num_samples": 4045.0
    },
    "World": {
      "precision": 0.9193772588268001,
      "recall": 0.8167448752778463,
      "f1": 0.865027465341355,
      "num_samples": 4049.0
    }
  }
}