{"_timestamp": 1595031704.1790798, "_runtime": 477.35115909576416, "_step": 11, "run_dir": "C:\\Users\\mahjo\\e2e-ml-app-tensorflow\\wandb\\run-20200717_191341-2qmai6t2", "graph": {"_type": "graph-file", "path": "media/graph/graph_summary_aae10628.graph.json", "sha256": "aae10628a76eb59ed4181133ec7904ae24591120318aa3ee7a5c7e3f39cee12d", "size": 2112}, "lr": 9.999999747378752e-05, "epoch": 9, "loss": 0.042004458606243134, "val_accuracy": 0.8636891841888428, "val_loss": 0.15458552539348602, "accuracy": 0.924785315990448, "best_val_loss": 0.15458552539348602, "best_epoch": 9, "test_loss": 0.772838830947876, "test_accuracy": 0.8603086471557617}
