{"run_dir": "C:\\Users\\mahjo\\e2e-ml-app-tensorflow\\wandb\\run-20200717_153615-2z72hsf8", "_runtime": 466.64472913742065, "_timestamp": 1595018641.6267295, "_step": 10, "graph": {"_type": "graph-file", "path": "media/graph/graph_summary_aae10628.graph.json", "sha256": "aae10628a76eb59ed4181133ec7904ae24591120318aa3ee7a5c7e3f39cee12d", "size": 2112}, "loss": 0.040721382945775986, "val_accuracy": 0.8633986711502075, "lr": 9.999999747378752e-05, "val_loss": 0.15718179941177368, "epoch": 9, "accuracy": 0.9247596859931946, "best_val_loss": 0.15718179941177368, "best_epoch": 9}
