{
  "overall": {
    "precision": 0.8631992146803986,
    "recall": 0.8608842624954038,
    "f1": 0.8608356156287441,
    "num_samples": 16200.0
  },
  "class": {
    "Business": {
      "precision": 0.7981630309988519,
      "recall": 0.8565795958600295,
      "f1": 0.8263401878045881,
      "num_samples": 4058.0
    },
    "Sci/Tech": {
      "precision": 0.8459214501510574,
      "recall": 0.8300395256916996,
      "f1": 0.8379052369077307,
      "num_samples": 4048.0
    },
    "Sports": {
      "precision": 0.8895906432748538,
      "recall": 0.9401730531520396,
      "f1": 0.9141826923076923,
      "num_samples": 4045.0
    },
    "World": {
      "precision": 0.9191217342968315,
      "recall": 0.8167448752778463,
      "f1": 0.8649143454949653,
      "num_samples": 4049.0
    }
  }
}