{"_timestamp": 1595029013.2223997, "_runtime": 446.2937955856323, "run_dir": "C:\\Users\\mahjo\\e2e-ml-app-tensorflow\\wandb\\run-20200717_182927-3lwb0d2c", "_step": 11, "graph": {"_type": "graph-file", "path": "media/graph/graph_summary_aae10628.graph.json", "sha256": "aae10628a76eb59ed4181133ec7904ae24591120318aa3ee7a5c7e3f39cee12d", "size": 2112}, "loss": 0.04178735986351967, "epoch": 9, "val_loss": 0.1652289181947708, "accuracy": 0.9248365759849548, "val_accuracy": 0.8636891841888428, "lr": 9.999999747378752e-05, "best_val_loss": 0.1652289181947708, "best_epoch": 9, "test_accuracy": 0.8608642220497131, "test_loss": 0.7650340795516968}
