{
  "overall": {
    "precision": 0.8636072738917723,
    "recall": 0.8612539934171951,
    "f1": 0.8612341887663499,
    "num_samples": 16200.0
  },
  "class": {
    "Business": {
      "precision": 0.7981651376146789,
      "recall": 0.8575653031049778,
      "f1": 0.82679971489665,
      "num_samples": 4058.0
    },
    "Sci/Tech": {
      "precision": 0.8457085325950163,
      "recall": 0.8300395256916996,
      "f1": 0.8378007729709512,
      "num_samples": 4048.0
    },
    "Sports": {
      "precision": 0.890555425357394,
      "recall": 0.9394313967861557,
      "f1": 0.9143407122232917,
      "num_samples": 4045.0
    },
    "World": {
      "precision": 0.92,
      "recall": 0.8179797480859472,
      "f1": 0.8659955549745066,
      "num_samples": 4049.0
    }
  }
}