{"run_dir": "C:\\Users\\mahjo\\e2e-ml-app-tensorflow\\wandb\\run-20200717_151349-1l3z2eew", "_step": 1, "_runtime": 420.47547364234924, "_timestamp": 1595017249.4827018, "test_loss": 0.7844889163970947, "test_accuracy": 0.8612345457077026}
