{"run_dir": "C:\\Users\\mahjo\\e2e-ml-app-tensorflow\\wandb\\run-20200717_145830-13v2j5ms", "_runtime": 70.98400163650513, "_step": 1, "_timestamp": 1595015980.810887, "graph": {"_type": "graph-file", "path": "media/graph/graph_summary_aae10628.graph.json", "sha256": "aae10628a76eb59ed4181133ec7904ae24591120318aa3ee7a5c7e3f39cee12d", "size": 2112}, "val_loss": 0.38952383399009705, "epoch": 0, "accuracy": 0.7647058963775635, "val_accuracy": 0.8262163996696472, "loss": 0.5033878087997437, "lr": 9.999999747378752e-05, "best_val_loss": 0.38952383399009705, "best_epoch": 0}
