{"run_dir": "C:\\Users\\mahjo\\e2e-ml-app-tensorflow\\wandb\\run-20200717_150555-2zb0u0b5", "_timestamp": 1595016463.256822, "_step": 2, "_runtime": 107.88296556472778, "graph": {"_type": "graph-file", "path": "media/graph/graph_summary_aae10628.graph.json", "sha256": "aae10628a76eb59ed4181133ec7904ae24591120318aa3ee7a5c7e3f39cee12d", "size": 2112}, "epoch": 1, "lr": 9.999999747378752e-05, "loss": 0.41541174054145813, "val_accuracy": 0.8418300747871399, "val_loss": 0.3444143235683441, "accuracy": 0.8427015542984009, "best_val_loss": 0.3444143235683441, "best_epoch": 1}
