{"run_dir": "C:\\Users\\mahjo\\e2e-ml-app-tensorflow\\wandb\\run-20200717_142500-2a5wq6mf", "_timestamp": 1595013914.6168187, "_runtime": 14.873967409133911, "_step": 0}
