{"run_dir": "/home/saams4u/e2e-ml-app-tensorflow/wandb/run-20200717_093029-czh91icj", "_timestamp": 1594996231.5352855, "_step": 0, "_runtime": 2.081270933151245}
