{"run_dir": "C:\\Users\\mahjo\\e2e-ml-app-tensorflow\\wandb\\run-20200717_140135-grdlq67l", "_runtime": 14.96200680732727, "_step": 0, "_timestamp": 1595012510.5677056}
