{"_step": 0, "_timestamp": 1595009790.8590765, "_runtime": 13.169771432876587, "run_dir": "C:\\Users\\mahjo\\e2e-ml-app-tensorflow\\wandb\\run-20200717_131618-34l8u6cf"}
