{"_runtime": 0.45999622344970703, "_step": 0, "run_dir": "C:\\Users\\mahjo\\e2e-ml-app-tensorflow\\wandb\\run-20200717_232326-kqd5u2py", "_timestamp": 1595028221.1629348}
