{"_timestamp": 1595016099.0145602, "_runtime": 70.78299760818481, "run_dir": "C:\\Users\\mahjo\\e2e-ml-app-tensorflow\\wandb\\run-20200717_150028-2m27nt4l", "_step": 1, "graph": {"_type": "graph-file", "path": "media/graph/graph_summary_aae10628.graph.json", "sha256": "aae10628a76eb59ed4181133ec7904ae24591120318aa3ee7a5c7e3f39cee12d", "size": 2112}, "val_accuracy": 0.8262163996696472, "loss": 0.5028481483459473, "val_loss": 0.38922882080078125, "lr": 9.999999747378752e-05, "epoch": 0, "accuracy": 0.7646802663803101, "best_val_loss": 0.38922882080078125, "best_epoch": 0}
