{"_timestamp": 1595011659.7515848, "run_dir": "C:\\Users\\mahjo\\e2e-ml-app-tensorflow\\wandb\\run-20200717_134727-3azdbud9", "_step": 0, "_runtime": 12.905750751495361}
