{"_runtime": 2.292414665222168, "_step": 0, "_timestamp": 1594996939.0057223, "run_dir": "/home/saams4u/e2e-ml-app-tensorflow/wandb/run-20200717_094216-8ffraw6q"}
