{"run_dir": "C:\\Users\\mahjo\\e2e-ml-app-tensorflow\\wandb\\run-20200717_145317-n34mhnvc", "_step": 1, "_timestamp": 1595015669.678724, "_runtime": 72.55522656440735, "graph": {"_type": "graph-file", "path": "media/graph/graph_summary_aae10628.graph.json", "sha256": "aae10628a76eb59ed4181133ec7904ae24591120318aa3ee7a5c7e3f39cee12d", "size": 2112}, "epoch": 0, "accuracy": 0.7644880414009094, "val_loss": 0.388190895318985, "loss": 0.502540111541748, "lr": 9.999999747378752e-05, "val_accuracy": 0.8263616561889648, "best_val_loss": 0.388190895318985, "best_epoch": 0}
